run_label,parameter_name,parameter_value,subgroup,rows,log_loss,auc,accuracy
baseline,baseline,baseline,female_fights,191,0.6745509505271912,0.6012797881729921,0.5340314136125655
colsample_bytree=0.6,colsample_bytree,0.6,female_fights,191,0.6749625205993652,0.6021624007060901,0.5654450261780105
colsample_bytree=0.7,colsample_bytree,0.7,female_fights,191,0.6732594966888428,0.603045013239188,0.5654450261780105
colsample_bytree=0.9,colsample_bytree,0.9,female_fights,191,0.6720380783081055,0.6051412180052957,0.5497382198952879
colsample_bytree=1.0,colsample_bytree,1.0,female_fights,191,0.6747432351112366,0.601279788172992,0.5392670157068062
gamma=0.5,gamma,0.5,female_fights,191,0.6745703220367432,0.6012797881729921,0.5340314136125655
gamma=1.0,gamma,1.0,female_fights,191,0.6733307242393494,0.6062444836716682,0.5445026178010471
gamma=2.0,gamma,2.0,female_fights,191,0.6752035021781921,0.6021624007060901,0.5445026178010471
learning_rate=0.03,learning_rate,0.03,female_fights,191,0.6739714741706848,0.6032656663724625,0.5549738219895288
learning_rate=0.07,learning_rate,0.07,female_fights,191,0.6728953123092651,0.6045344218887908,0.5445026178010471
learning_rate=0.1,learning_rate,0.1,female_fights,191,0.6726222634315491,0.6058031774051191,0.5654450261780105
max_depth=3,max_depth,3,female_fights,191,0.6773683428764343,0.5946601941747572,0.5759162303664922
max_depth=5,max_depth,5,female_fights,191,0.6746103763580322,0.6030450132391879,0.5602094240837696
max_depth=6,max_depth,6,female_fights,191,0.6720266938209534,0.6127537511032657,0.5549738219895288
min_child_weight=1,min_child_weight,1,female_fights,191,0.6755455732345581,0.5997352162400706,0.5497382198952879
min_child_weight=5,min_child_weight,5,female_fights,191,0.6743807196617126,0.6029346866725508,0.5549738219895288
min_child_weight=7,min_child_weight,7,female_fights,191,0.673892617225647,0.6037069726390115,0.5654450261780105
n_estimators=150,n_estimators,150,female_fights,191,0.6745509505271912,0.6012797881729921,0.5340314136125655
n_estimators=500,n_estimators,500,female_fights,191,0.6745509505271912,0.6012797881729921,0.5340314136125655
n_estimators=800,n_estimators,800,female_fights,191,0.6745509505271912,0.6012797881729921,0.5340314136125655
reg_alpha=0.1,reg_alpha,0.1,female_fights,191,0.6730250716209412,0.608009708737864,0.5445026178010471
reg_alpha=0.5,reg_alpha,0.5,female_fights,191,0.6733314394950867,0.604368932038835,0.5392670157068062
reg_alpha=1.0,reg_alpha,1.0,female_fights,191,0.6769327521324158,0.598080317740512,0.5392670157068062
reg_lambda=10.0,reg_lambda,10.0,female_fights,191,0.6773265600204468,0.6003971756398941,0.5497382198952879
reg_lambda=2.0,reg_lambda,2.0,female_fights,191,0.6775302290916443,0.5968115622241835,0.5497382198952879
reg_lambda=5.0,reg_lambda,5.0,female_fights,191,0.6773220896720886,0.5981906443071492,0.5340314136125655
subsample=0.6,subsample,0.6,female_fights,191,0.6744314432144165,0.6063548102383054,0.5602094240837696
subsample=0.7,subsample,0.7,female_fights,191,0.6734256148338318,0.6069064430714917,0.5549738219895288
subsample=0.9,subsample,0.9,female_fights,191,0.6706448793411255,0.6125330979699912,0.581151832460733
subsample=1.0,subsample,1.0,female_fights,191,0.6740003824234009,0.6062444836716682,0.5497382198952879
baseline,baseline,baseline,low_experience,589,0.6546421647071838,0.6454022306597057,0.6196943972835314
colsample_bytree=0.6,colsample_bytree,0.6,low_experience,589,0.6564106345176697,0.6414451827242524,0.6196943972835314
colsample_bytree=0.7,colsample_bytree,0.7,low_experience,589,0.6573386192321777,0.6398849074513526,0.6162988115449916
colsample_bytree=0.9,colsample_bytree,0.9,low_experience,589,0.6539616584777832,0.6447971048884671,0.6129032258064516
colsample_bytree=1.0,colsample_bytree,1.0,low_experience,589,0.6554994583129883,0.642625771238728,0.6146010186757216
gamma=0.5,gamma,0.5,low_experience,589,0.6546708345413208,0.6453429046037019,0.6196943972835314
gamma=1.0,gamma,1.0,low_experience,589,0.6556851863861084,0.6406205505457998,0.6196943972835314
gamma=2.0,gamma,2.0,low_experience,589,0.6553299427032471,0.6420918367346939,0.6196943972835314
learning_rate=0.03,learning_rate,0.03,low_experience,589,0.6547987461090088,0.6413502610346464,0.6061120543293718
learning_rate=0.07,learning_rate,0.07,low_experience,589,0.6578834056854248,0.6376423825344091,0.6162988115449916
learning_rate=0.1,learning_rate,0.1,low_experience,589,0.6552062630653381,0.6365033222591362,0.6095076400679117
max_depth=3,max_depth,3,low_experience,589,0.6553635001182556,0.6434919316563834,0.6095076400679117
max_depth=5,max_depth,5,low_experience,589,0.6557255983352661,0.6409409112482203,0.601018675721562
max_depth=6,max_depth,6,low_experience,589,0.6535998582839966,0.6463692453725676,0.6196943972835314
min_child_weight=1,min_child_weight,1,low_experience,589,0.6554093360900879,0.6422164214523018,0.6179966044142614
min_child_weight=5,min_child_weight,5,low_experience,589,0.6544788479804993,0.6430766492643569,0.6129032258064516
min_child_weight=7,min_child_weight,7,low_experience,589,0.6529765129089355,0.6462565258661603,0.6264855687606112
n_estimators=150,n_estimators,150,low_experience,589,0.6546421647071838,0.6454022306597057,0.6196943972835314
n_estimators=500,n_estimators,500,low_experience,589,0.6546421647071838,0.6454022306597057,0.6196943972835314
n_estimators=800,n_estimators,800,low_experience,589,0.6546421647071838,0.6454022306597057,0.6196943972835314
reg_alpha=0.1,reg_alpha,0.1,low_experience,589,0.6552585959434509,0.6433970099667774,0.6179966044142614
reg_alpha=0.5,reg_alpha,0.5,low_experience,589,0.6544925570487976,0.6429757949691504,0.6213921901528013
reg_alpha=1.0,reg_alpha,1.0,low_experience,589,0.6555938720703125,0.6382415757000475,0.6061120543293718
reg_lambda=10.0,reg_lambda,10.0,low_experience,589,0.6540626883506775,0.6393628381585191,0.6162988115449916
reg_lambda=2.0,reg_lambda,2.0,low_experience,589,0.6557106375694275,0.6389534883720929,0.6230899830220713
reg_lambda=5.0,reg_lambda,5.0,low_experience,589,0.6556362509727478,0.6393569055529188,0.6112054329371817
subsample=0.6,subsample,0.6,low_experience,589,0.6551653742790222,0.6429876601803513,0.6095076400679117
subsample=0.7,subsample,0.7,low_experience,589,0.6514237523078918,0.647484575225439,0.6179966044142614
subsample=0.9,subsample,0.9,low_experience,589,0.655314564704895,0.6443462268628382,0.6264855687606112
subsample=1.0,subsample,1.0,low_experience,589,0.6576337218284607,0.6376601803512103,0.6179966044142614
baseline,baseline,baseline,overall,1097,0.6561974287033081,0.6497577894636719,0.6061987237921604
colsample_bytree=0.6,colsample_bytree,0.6,overall,1097,0.6563856601715088,0.6492261492261492,0.6153144940747494
colsample_bytree=0.7,colsample_bytree,0.7,overall,1097,0.6577179431915283,0.6479437582378759,0.6198723792160438
colsample_bytree=0.9,colsample_bytree,0.9,overall,1097,0.6550558805465698,0.6519454975337329,0.6080218778486782
colsample_bytree=1.0,colsample_bytree,1.0,overall,1097,0.6567336916923523,0.6484770970065088,0.6116681859617138
gamma=0.5,gamma,0.5,overall,1097,0.6562128067016602,0.649706833530363,0.6061987237921604
gamma=1.0,gamma,1.0,overall,1097,0.65545654296875,0.6493535390594214,0.6089334548769371
gamma=2.0,gamma,2.0,overall,1097,0.6554633975028992,0.6503420841656136,0.6134913400182316
learning_rate=0.03,learning_rate,0.03,overall,1097,0.6556791663169861,0.6486418545242074,0.5989061075660893
learning_rate=0.07,learning_rate,0.07,overall,1097,0.6576152443885803,0.6469144483850366,0.6071103008204193
learning_rate=0.1,learning_rate,0.1,overall,1097,0.6548452973365784,0.64968984821926,0.6116681859617138
max_depth=3,max_depth,3,overall,1097,0.6567125916481018,0.6493535390594214,0.6125797629899726
max_depth=5,max_depth,5,overall,1097,0.6580988168716431,0.6444142105906812,0.6025524156791249
max_depth=6,max_depth,6,overall,1097,0.6555789113044739,0.6514614161672985,0.6153144940747494
min_child_weight=1,min_child_weight,1,overall,1097,0.6568053960800171,0.6472422648893237,0.6034639927073838
min_child_weight=5,min_child_weight,5,overall,1097,0.6553129553794861,0.6507225551343199,0.6107566089334548
min_child_weight=7,min_child_weight,7,overall,1097,0.6546227931976318,0.6514885926650632,0.6162260711030082
n_estimators=150,n_estimators,150,overall,1097,0.6561974287033081,0.6497577894636719,0.6061987237921604
n_estimators=500,n_estimators,500,overall,1097,0.6561974287033081,0.6497577894636719,0.6061987237921604
n_estimators=800,n_estimators,800,overall,1097,0.6561974287033081,0.6497577894636719,0.6061987237921604
reg_alpha=0.1,reg_alpha,0.1,overall,1097,0.6563113331794739,0.6499004660769367,0.6125797629899726
reg_alpha=0.5,reg_alpha,0.5,overall,1097,0.6561119556427002,0.6474494856847798,0.6107566089334548
reg_alpha=1.0,reg_alpha,1.0,overall,1097,0.6562740206718445,0.6470282499694264,0.6025524156791249
reg_lambda=10.0,reg_lambda,10.0,overall,1097,0.6546995639801025,0.6493501419972009,0.6116681859617138
reg_lambda=2.0,reg_lambda,2.0,overall,1097,0.6569626331329346,0.6462944845297787,0.6125797629899726
reg_lambda=5.0,reg_lambda,5.0,overall,1097,0.6564378142356873,0.6472116913293384,0.6080218778486782
subsample=0.6,subsample,0.6,overall,1097,0.6572776436805725,0.6477246477246477,0.609845031905196
subsample=0.7,subsample,0.7,overall,1097,0.6534486413002014,0.6526198143845203,0.6080218778486782
subsample=0.9,subsample,0.9,overall,1097,0.6560388207435608,0.6503318929789519,0.6189608021877848
subsample=1.0,subsample,1.0,overall,1097,0.6561184525489807,0.6480541627600451,0.609845031905196
baseline,baseline,baseline,title_fights,42,0.6228060722351074,0.7619047619047619,0.6666666666666666
colsample_bytree=0.6,colsample_bytree,0.6,title_fights,42,0.6171225309371948,0.8140589569160998,0.7142857142857143
colsample_bytree=0.7,colsample_bytree,0.7,title_fights,42,0.6202413439750671,0.7981859410430838,0.6428571428571429
colsample_bytree=0.9,colsample_bytree,0.9,title_fights,42,0.6212878227233887,0.764172335600907,0.6666666666666666
colsample_bytree=1.0,colsample_bytree,1.0,title_fights,42,0.6090335845947266,0.8117913832199546,0.7619047619047619
gamma=0.5,gamma,0.5,title_fights,42,0.6228061318397522,0.7619047619047619,0.6666666666666666
gamma=1.0,gamma,1.0,title_fights,42,0.6194518208503723,0.7619047619047619,0.6904761904761905
gamma=2.0,gamma,2.0,title_fights,42,0.6187703609466553,0.7687074829931972,0.6666666666666666
learning_rate=0.03,learning_rate,0.03,title_fights,42,0.6171247959136963,0.7777777777777778,0.7142857142857143
learning_rate=0.07,learning_rate,0.07,title_fights,42,0.6200822591781616,0.7551020408163265,0.6904761904761905
learning_rate=0.1,learning_rate,0.1,title_fights,42,0.6052653193473816,0.7845804988662132,0.7142857142857143
max_depth=3,max_depth,3,title_fights,42,0.613140344619751,0.8095238095238095,0.7380952380952381
max_depth=5,max_depth,5,title_fights,42,0.622905969619751,0.7233560090702948,0.6666666666666666
max_depth=6,max_depth,6,title_fights,42,0.6185309290885925,0.7936507936507936,0.6904761904761905
min_child_weight=1,min_child_weight,1,title_fights,42,0.6257253289222717,0.746031746031746,0.6904761904761905
min_child_weight=5,min_child_weight,5,title_fights,42,0.6140844821929932,0.782312925170068,0.7380952380952381
min_child_weight=7,min_child_weight,7,title_fights,42,0.6190460920333862,0.7596371882086168,0.7142857142857143
n_estimators=150,n_estimators,150,title_fights,42,0.6228060722351074,0.7619047619047619,0.6666666666666666
n_estimators=500,n_estimators,500,title_fights,42,0.6228060722351074,0.7619047619047619,0.6666666666666666
n_estimators=800,n_estimators,800,title_fights,42,0.6228060722351074,0.7619047619047619,0.6666666666666666
reg_alpha=0.1,reg_alpha,0.1,title_fights,42,0.6229702830314636,0.7573696145124716,0.6666666666666666
reg_alpha=0.5,reg_alpha,0.5,title_fights,42,0.6177560687065125,0.7732426303854875,0.6666666666666666
reg_alpha=1.0,reg_alpha,1.0,title_fights,42,0.6200898885726929,0.761904761904762,0.6904761904761905
reg_lambda=10.0,reg_lambda,10.0,title_fights,42,0.6150385141372681,0.7800453514739228,0.7142857142857143
reg_lambda=2.0,reg_lambda,2.0,title_fights,42,0.6176305413246155,0.7709750566893424,0.6904761904761905
reg_lambda=5.0,reg_lambda,5.0,title_fights,42,0.6188157200813293,0.7800453514739228,0.7380952380952381
subsample=0.6,subsample,0.6,title_fights,42,0.6270012855529785,0.7732426303854875,0.6666666666666666
subsample=0.7,subsample,0.7,title_fights,42,0.6189619302749634,0.7596371882086168,0.7142857142857143
subsample=0.9,subsample,0.9,title_fights,42,0.6093837022781372,0.8163265306122448,0.7380952380952381
subsample=1.0,subsample,1.0,title_fights,42,0.6149246692657471,0.7891156462585034,0.7380952380952381
baseline,baseline,baseline,weight_class:bantamweight,122,0.6216505169868469,0.7486720715683532,0.6639344262295082
colsample_bytree=0.6,colsample_bytree,0.6,weight_class:bantamweight,122,0.6156023144721985,0.767123287671233,0.6967213114754098
colsample_bytree=0.7,colsample_bytree,0.7,weight_class:bantamweight,122,0.6163442134857178,0.7601341906625664,0.7131147540983607
colsample_bytree=0.9,colsample_bytree,0.9,weight_class:bantamweight,122,0.6148457527160645,0.7654459043891528,0.6639344262295082
colsample_bytree=1.0,colsample_bytree,1.0,weight_class:bantamweight,122,0.6185582280158997,0.7587363712608332,0.7049180327868853
gamma=0.5,gamma,0.5,weight_class:bantamweight,122,0.621679425239563,0.7483925076880067,0.6639344262295082
gamma=1.0,gamma,1.0,weight_class:bantamweight,122,0.6209135055541992,0.7455968688845401,0.6557377049180327
gamma=2.0,gamma,2.0,weight_class:bantamweight,122,0.6190549731254578,0.7500698909700866,0.6721311475409836
learning_rate=0.03,learning_rate,0.03,weight_class:bantamweight,122,0.6135382652282715,0.7634889572267262,0.6885245901639344
learning_rate=0.07,learning_rate,0.07,weight_class:bantamweight,122,0.6203910112380981,0.7576181157394464,0.6721311475409836
learning_rate=0.1,learning_rate,0.1,weight_class:bantamweight,122,0.6087425947189331,0.7646072127481129,0.680327868852459
max_depth=3,max_depth,3,weight_class:bantamweight,122,0.6133053302764893,0.7746715124405926,0.6885245901639344
max_depth=5,max_depth,5,weight_class:bantamweight,122,0.6195474863052368,0.7537042214145931,0.680327868852459
max_depth=6,max_depth,6,weight_class:bantamweight,122,0.6235775947570801,0.7293821638244339,0.680327868852459
min_child_weight=1,min_child_weight,1,weight_class:bantamweight,122,0.6177012324333191,0.7626502655856863,0.6721311475409836
min_child_weight=5,min_child_weight,5,weight_class:bantamweight,122,0.614224910736084,0.7620911378249929,0.6885245901639344
min_child_weight=7,min_child_weight,7,weight_class:bantamweight,122,0.6141764521598816,0.758736371260833,0.6885245901639344
n_estimators=150,n_estimators,150,weight_class:bantamweight,122,0.6216505169868469,0.7486720715683532,0.6639344262295082
n_estimators=500,n_estimators,500,weight_class:bantamweight,122,0.6216505169868469,0.7486720715683532,0.6639344262295082
n_estimators=800,n_estimators,800,weight_class:bantamweight,122,0.6216505169868469,0.7486720715683532,0.6639344262295082
reg_alpha=0.1,reg_alpha,0.1,weight_class:bantamweight,122,0.6228010654449463,0.75062901873078,0.680327868852459
reg_alpha=0.5,reg_alpha,0.5,weight_class:bantamweight,122,0.6159136295318604,0.7581772435001398,0.6885245901639344
reg_alpha=1.0,reg_alpha,1.0,weight_class:bantamweight,122,0.6148484945297241,0.762091137824993,0.6639344262295082
reg_lambda=10.0,reg_lambda,10.0,weight_class:bantamweight,122,0.6034504175186157,0.7749510763209394,0.6885245901639344
reg_lambda=2.0,reg_lambda,2.0,weight_class:bantamweight,122,0.6198243498802185,0.7497903270897399,0.680327868852459
reg_lambda=5.0,reg_lambda,5.0,weight_class:bantamweight,122,0.6136792302131653,0.7601341906625664,0.6721311475409836
subsample=0.6,subsample,0.6,weight_class:bantamweight,122,0.6151382923126221,0.7620911378249929,0.7049180327868853
subsample=0.7,subsample,0.7,weight_class:bantamweight,122,0.6046188473701477,0.7696393625943528,0.6721311475409836
subsample=0.9,subsample,0.9,weight_class:bantamweight,122,0.6165996789932251,0.7640480849874196,0.7131147540983607
subsample=1.0,subsample,1.0,weight_class:bantamweight,122,0.6087293028831482,0.771037181996086,0.7131147540983607
baseline,baseline,baseline,weight_class:catch_weight,23,0.6997106671333313,0.5555555555555555,0.5652173913043478
colsample_bytree=0.6,colsample_bytree,0.6,weight_class:catch_weight,23,0.6953503489494324,0.5793650793650793,0.5217391304347826
colsample_bytree=0.7,colsample_bytree,0.7,weight_class:catch_weight,23,0.7035552263259888,0.5714285714285714,0.5652173913043478
colsample_bytree=0.9,colsample_bytree,0.9,weight_class:catch_weight,23,0.7077262997627258,0.5555555555555556,0.5652173913043478
colsample_bytree=1.0,colsample_bytree,1.0,weight_class:catch_weight,23,0.7109118103981018,0.5555555555555556,0.5217391304347826
gamma=0.5,gamma,0.5,weight_class:catch_weight,23,0.6997103691101074,0.5555555555555555,0.5652173913043478
gamma=1.0,gamma,1.0,weight_class:catch_weight,23,0.7077142596244812,0.5555555555555556,0.5652173913043478
gamma=2.0,gamma,2.0,weight_class:catch_weight,23,0.7133516073226929,0.5476190476190476,0.5652173913043478
learning_rate=0.03,learning_rate,0.03,weight_class:catch_weight,23,0.7047914266586304,0.5714285714285714,0.5217391304347826
learning_rate=0.07,learning_rate,0.07,weight_class:catch_weight,23,0.6884627342224121,0.5873015873015873,0.5652173913043478
learning_rate=0.1,learning_rate,0.1,weight_class:catch_weight,23,0.7126089930534363,0.5555555555555556,0.6086956521739131
max_depth=3,max_depth,3,weight_class:catch_weight,23,0.7017654180526733,0.5873015873015872,0.5652173913043478
max_depth=5,max_depth,5,weight_class:catch_weight,23,0.7033824324607849,0.5476190476190477,0.5652173913043478
max_depth=6,max_depth,6,weight_class:catch_weight,23,0.7300624251365662,0.5238095238095238,0.5652173913043478
min_child_weight=1,min_child_weight,1,weight_class:catch_weight,23,0.6979475617408752,0.5555555555555556,0.5652173913043478
min_child_weight=5,min_child_weight,5,weight_class:catch_weight,23,0.6991037130355835,0.5555555555555556,0.5652173913043478
min_child_weight=7,min_child_weight,7,weight_class:catch_weight,23,0.6998095512390137,0.5555555555555556,0.5652173913043478
n_estimators=150,n_estimators,150,weight_class:catch_weight,23,0.6997106671333313,0.5555555555555555,0.5652173913043478
n_estimators=500,n_estimators,500,weight_class:catch_weight,23,0.6997106671333313,0.5555555555555555,0.5652173913043478
n_estimators=800,n_estimators,800,weight_class:catch_weight,23,0.6997106671333313,0.5555555555555555,0.5652173913043478
reg_alpha=0.1,reg_alpha,0.1,weight_class:catch_weight,23,0.6974038481712341,0.5634920634920635,0.5652173913043478
reg_alpha=0.5,reg_alpha,0.5,weight_class:catch_weight,23,0.7042599320411682,0.5714285714285714,0.5652173913043478
reg_alpha=1.0,reg_alpha,1.0,weight_class:catch_weight,23,0.7023357152938843,0.5634920634920635,0.5652173913043478
reg_lambda=10.0,reg_lambda,10.0,weight_class:catch_weight,23,0.7107709050178528,0.5476190476190476,0.5217391304347826
reg_lambda=2.0,reg_lambda,2.0,weight_class:catch_weight,23,0.7106894850730896,0.5714285714285714,0.5652173913043478
reg_lambda=5.0,reg_lambda,5.0,weight_class:catch_weight,23,0.7016093134880066,0.5476190476190477,0.5217391304347826
subsample=0.6,subsample,0.6,weight_class:catch_weight,23,0.7244004607200623,0.5079365079365079,0.5217391304347826
subsample=0.7,subsample,0.7,weight_class:catch_weight,23,0.723802387714386,0.5873015873015872,0.5217391304347826
subsample=0.9,subsample,0.9,weight_class:catch_weight,23,0.7058306336402893,0.5793650793650793,0.5652173913043478
subsample=1.0,subsample,1.0,weight_class:catch_weight,23,0.7064840197563171,0.5555555555555556,0.5652173913043478
baseline,baseline,baseline,weight_class:featherweight,126,0.6708229184150696,0.6115275264926338,0.5793650793650794
colsample_bytree=0.6,colsample_bytree,0.6,weight_class:featherweight,126,0.6727019548416138,0.6053243732230551,0.5793650793650794
colsample_bytree=0.7,colsample_bytree,0.7,weight_class:featherweight,126,0.6776456236839294,0.5975704316360816,0.5952380952380952
colsample_bytree=0.9,colsample_bytree,0.9,weight_class:featherweight,126,0.6709468364715576,0.6071336262600155,0.5634920634920635
colsample_bytree=1.0,colsample_bytree,1.0,weight_class:featherweight,126,0.6753973364830017,0.5973119669165158,0.5793650793650794
gamma=0.5,gamma,0.5,weight_class:featherweight,126,0.6708229184150696,0.6115275264926338,0.5793650793650794
gamma=1.0,gamma,1.0,weight_class:featherweight,126,0.6725717186927795,0.607650555699147,0.5952380952380952
gamma=2.0,gamma,2.0,weight_class:featherweight,126,0.6729058027267456,0.6125613853708969,0.5873015873015873
learning_rate=0.03,learning_rate,0.03,weight_class:featherweight,126,0.6722058653831482,0.599638149392608,0.5634920634920635
learning_rate=0.07,learning_rate,0.07,weight_class:featherweight,126,0.6724099516868591,0.6112690617730681,0.5952380952380952
learning_rate=0.1,learning_rate,0.1,weight_class:featherweight,126,0.6699185371398926,0.6117859912121995,0.5873015873015873
max_depth=3,max_depth,3,weight_class:featherweight,126,0.6729397773742676,0.6066166968208839,0.5793650793650794
max_depth=5,max_depth,5,weight_class:featherweight,126,0.6690993905067444,0.6094598087361075,0.5555555555555556
max_depth=6,max_depth,6,weight_class:featherweight,126,0.673698365688324,0.596019643318687,0.5793650793650794
min_child_weight=1,min_child_weight,1,weight_class:featherweight,126,0.6701262593269348,0.6066166968208839,0.5476190476190477
min_child_weight=5,min_child_weight,5,weight_class:featherweight,126,0.6703864932060242,0.6110105970535021,0.5793650793650794
min_child_weight=7,min_child_weight,7,weight_class:featherweight,126,0.6679506897926331,0.6079090204187129,0.5714285714285714
n_estimators=150,n_estimators,150,weight_class:featherweight,126,0.6708229184150696,0.6115275264926338,0.5793650793650794
n_estimators=500,n_estimators,500,weight_class:featherweight,126,0.6708229184150696,0.6115275264926338,0.5793650793650794
n_estimators=800,n_estimators,800,weight_class:featherweight,126,0.6708229184150696,0.6115275264926338,0.5793650793650794
reg_alpha=0.1,reg_alpha,0.1,weight_class:featherweight,126,0.6698352694511414,0.6115275264926338,0.5714285714285714
reg_alpha=0.5,reg_alpha,0.5,weight_class:featherweight,126,0.669779360294342,0.6110105970535021,0.5714285714285714
reg_alpha=1.0,reg_alpha,1.0,weight_class:featherweight,126,0.6722894906997681,0.6048074437839235,0.5793650793650794
reg_lambda=10.0,reg_lambda,10.0,weight_class:featherweight,126,0.6699802875518799,0.615921426725252,0.6190476190476191
reg_lambda=2.0,reg_lambda,2.0,weight_class:featherweight,126,0.6688913106918335,0.6120444559317654,0.5873015873015873
reg_lambda=5.0,reg_lambda,5.0,weight_class:featherweight,126,0.6726891994476318,0.602998190746963,0.5873015873015873
subsample=0.6,subsample,0.6,weight_class:featherweight,126,0.6710160374641418,0.6102352028948048,0.5634920634920635
subsample=0.7,subsample,0.7,weight_class:featherweight,126,0.6727690696716309,0.6097182734556733,0.5793650793650794
subsample=0.9,subsample,0.9,weight_class:featherweight,126,0.6693592667579651,0.6102352028948048,0.5873015873015873
subsample=1.0,subsample,1.0,weight_class:featherweight,126,0.6714181900024414,0.6001550788317395,0.5793650793650794
baseline,baseline,baseline,weight_class:flyweight,79,0.6392062902450562,0.694813829787234,0.6708860759493671
colsample_bytree=0.6,colsample_bytree,0.6,weight_class:flyweight,79,0.642943799495697,0.6775265957446808,0.6582278481012658
colsample_bytree=0.7,colsample_bytree,0.7,weight_class:flyweight,79,0.6443911194801331,0.6748670212765957,0.6329113924050633
colsample_bytree=0.9,colsample_bytree,0.9,weight_class:flyweight,79,0.6411858797073364,0.6821808510638298,0.6708860759493671
colsample_bytree=1.0,colsample_bytree,1.0,weight_class:flyweight,79,0.639906644821167,0.6748670212765958,0.6708860759493671
gamma=0.5,gamma,0.5,weight_class:flyweight,79,0.6392062306404114,0.694813829787234,0.6708860759493671
gamma=1.0,gamma,1.0,weight_class:flyweight,79,0.6404412388801575,0.6788563829787234,0.6835443037974683
gamma=2.0,gamma,2.0,weight_class:flyweight,79,0.6428765654563904,0.675531914893617,0.6582278481012658
learning_rate=0.03,learning_rate,0.03,weight_class:flyweight,79,0.6429409980773926,0.6728723404255319,0.6582278481012658
learning_rate=0.07,learning_rate,0.07,weight_class:flyweight,79,0.6454216241836548,0.6642287234042553,0.6708860759493671
learning_rate=0.1,learning_rate,0.1,weight_class:flyweight,79,0.6543130874633789,0.6555851063829787,0.6455696202531646
max_depth=3,max_depth,3,weight_class:flyweight,79,0.6386834979057312,0.6841755319148937,0.6708860759493671
max_depth=5,max_depth,5,weight_class:flyweight,79,0.6446040272712708,0.672872340425532,0.6329113924050633
max_depth=6,max_depth,6,weight_class:flyweight,79,0.6492056250572205,0.6529255319148937,0.6582278481012658
min_child_weight=1,min_child_weight,1,weight_class:flyweight,79,0.644184410572052,0.6728723404255319,0.6708860759493671
min_child_weight=5,min_child_weight,5,weight_class:flyweight,79,0.6428770422935486,0.6788563829787234,0.6582278481012658
min_child_weight=7,min_child_weight,7,weight_class:flyweight,79,0.640946090221405,0.6841755319148937,0.6835443037974683
n_estimators=150,n_estimators,150,weight_class:flyweight,79,0.6392062902450562,0.694813829787234,0.6708860759493671
n_estimators=500,n_estimators,500,weight_class:flyweight,79,0.6392062902450562,0.694813829787234,0.6708860759493671
n_estimators=800,n_estimators,800,weight_class:flyweight,79,0.6392062902450562,0.694813829787234,0.6708860759493671
reg_alpha=0.1,reg_alpha,0.1,weight_class:flyweight,79,0.6439549326896667,0.6768617021276596,0.6708860759493671
reg_alpha=0.5,reg_alpha,0.5,weight_class:flyweight,79,0.6471031308174133,0.6675531914893618,0.6708860759493671
reg_alpha=1.0,reg_alpha,1.0,weight_class:flyweight,79,0.6478550434112549,0.6615691489361701,0.620253164556962
reg_lambda=10.0,reg_lambda,10.0,weight_class:flyweight,79,0.6484903693199158,0.6589095744680851,0.6582278481012658
reg_lambda=2.0,reg_lambda,2.0,weight_class:flyweight,79,0.6409631967544556,0.6835106382978724,0.6835443037974683
reg_lambda=5.0,reg_lambda,5.0,weight_class:flyweight,79,0.6395227909088135,0.6815159574468085,0.6708860759493671
subsample=0.6,subsample,0.6,weight_class:flyweight,79,0.640492856502533,0.6748670212765957,0.6582278481012658
subsample=0.7,subsample,0.7,weight_class:flyweight,79,0.650030255317688,0.6622340425531915,0.6455696202531646
subsample=0.9,subsample,0.9,weight_class:flyweight,79,0.6440296769142151,0.6688829787234042,0.6835443037974683
subsample=1.0,subsample,1.0,weight_class:flyweight,79,0.6541138291358948,0.6422872340425532,0.6455696202531646
baseline,baseline,baseline,weight_class:heavyweight,73,0.6281918287277222,0.7391304347826088,0.7123287671232876
colsample_bytree=0.6,colsample_bytree,0.6,weight_class:heavyweight,73,0.6281601190567017,0.7326892109500804,0.7123287671232876
colsample_bytree=0.7,colsample_bytree,0.7,weight_class:heavyweight,73,0.624683141708374,0.7479871175523349,0.726027397260274
colsample_bytree=0.9,colsample_bytree,0.9,weight_class:heavyweight,73,0.6243879199028015,0.7479871175523349,0.726027397260274
colsample_bytree=1.0,colsample_bytree,1.0,weight_class:heavyweight,73,0.628227949142456,0.7383252818035426,0.7397260273972602
gamma=0.5,gamma,0.5,weight_class:heavyweight,73,0.6281918883323669,0.7391304347826088,0.7123287671232876
gamma=1.0,gamma,1.0,weight_class:heavyweight,73,0.6218728423118591,0.7447665056360708,0.7123287671232876
gamma=2.0,gamma,2.0,weight_class:heavyweight,73,0.6193658709526062,0.751207729468599,0.7123287671232876
learning_rate=0.03,learning_rate,0.03,weight_class:heavyweight,73,0.6181398034095764,0.7536231884057971,0.7123287671232876
learning_rate=0.07,learning_rate,0.07,weight_class:heavyweight,73,0.6300306916236877,0.745571658615137,0.726027397260274
learning_rate=0.1,learning_rate,0.1,weight_class:heavyweight,73,0.6248056888580322,0.7334943639291466,0.684931506849315
max_depth=3,max_depth,3,weight_class:heavyweight,73,0.620219349861145,0.7632850241545894,0.7123287671232876
max_depth=5,max_depth,5,weight_class:heavyweight,73,0.6376064419746399,0.7254428341384863,0.6986301369863014
max_depth=6,max_depth,6,weight_class:heavyweight,73,0.6285088658332825,0.7359098228663445,0.7534246575342466
min_child_weight=1,min_child_weight,1,weight_class:heavyweight,73,0.6213955879211426,0.750402576489533,0.726027397260274
min_child_weight=5,min_child_weight,5,weight_class:heavyweight,73,0.6177570819854736,0.7560386473429952,0.7123287671232876
min_child_weight=7,min_child_weight,7,weight_class:heavyweight,73,0.6193311214447021,0.7520128824476651,0.726027397260274
n_estimators=150,n_estimators,150,weight_class:heavyweight,73,0.6281918287277222,0.7391304347826088,0.7123287671232876
n_estimators=500,n_estimators,500,weight_class:heavyweight,73,0.6281918287277222,0.7391304347826088,0.7123287671232876
n_estimators=800,n_estimators,800,weight_class:heavyweight,73,0.6281918287277222,0.7391304347826088,0.7123287671232876
reg_alpha=0.1,reg_alpha,0.1,weight_class:heavyweight,73,0.6288663148880005,0.7383252818035426,0.7123287671232876
reg_alpha=0.5,reg_alpha,0.5,weight_class:heavyweight,73,0.6215619444847107,0.7471819645732689,0.7123287671232876
reg_alpha=1.0,reg_alpha,1.0,weight_class:heavyweight,73,0.6228887438774109,0.7447665056360708,0.7123287671232876
reg_lambda=10.0,reg_lambda,10.0,weight_class:heavyweight,73,0.615237832069397,0.7640901771336553,0.7123287671232876
reg_lambda=2.0,reg_lambda,2.0,weight_class:heavyweight,73,0.6240208745002747,0.7439613526570049,0.7123287671232876
reg_lambda=5.0,reg_lambda,5.0,weight_class:heavyweight,73,0.6176333427429199,0.7616747181964574,0.726027397260274
subsample=0.6,subsample,0.6,weight_class:heavyweight,73,0.6241176724433899,0.7471819645732689,0.7397260273972602
subsample=0.7,subsample,0.7,weight_class:heavyweight,73,0.6098775267601013,0.7568438003220612,0.726027397260274
subsample=0.9,subsample,0.9,weight_class:heavyweight,73,0.6248981952667236,0.7270531400966184,0.7123287671232876
subsample=1.0,subsample,1.0,weight_class:heavyweight,73,0.6282426714897156,0.7181964573268921,0.7123287671232876
baseline,baseline,baseline,weight_class:light_heavyweight,71,0.7151875495910645,0.4591346153846154,0.4788732394366197
colsample_bytree=0.6,colsample_bytree,0.6,weight_class:light_heavyweight,71,0.7114981412887573,0.46314102564102566,0.4647887323943662
colsample_bytree=0.7,colsample_bytree,0.7,weight_class:light_heavyweight,71,0.7141554355621338,0.46955128205128205,0.4647887323943662
colsample_bytree=0.9,colsample_bytree,0.9,weight_class:light_heavyweight,71,0.7196006178855896,0.44551282051282054,0.4647887323943662
colsample_bytree=1.0,colsample_bytree,1.0,weight_class:light_heavyweight,71,0.7140107154846191,0.46474358974358976,0.4647887323943662
gamma=0.5,gamma,0.5,weight_class:light_heavyweight,71,0.7151873707771301,0.4591346153846154,0.4788732394366197
gamma=1.0,gamma,1.0,weight_class:light_heavyweight,71,0.7153030037879944,0.46875,0.4788732394366197
gamma=2.0,gamma,2.0,weight_class:light_heavyweight,71,0.715108335018158,0.47115384615384615,0.4647887323943662
learning_rate=0.03,learning_rate,0.03,weight_class:light_heavyweight,71,0.7143235802650452,0.4735576923076923,0.43661971830985913
learning_rate=0.07,learning_rate,0.07,weight_class:light_heavyweight,71,0.7151238918304443,0.4671474358974359,0.5070422535211268
learning_rate=0.1,learning_rate,0.1,weight_class:light_heavyweight,71,0.7156767249107361,0.4911858974358974,0.4788732394366197
max_depth=3,max_depth,3,weight_class:light_heavyweight,71,0.717499315738678,0.4615384615384615,0.43661971830985913
max_depth=5,max_depth,5,weight_class:light_heavyweight,71,0.7133839130401611,0.48317307692307687,0.5070422535211268
max_depth=6,max_depth,6,weight_class:light_heavyweight,71,0.6946471333503723,0.53125,0.49295774647887325
min_child_weight=1,min_child_weight,1,weight_class:light_heavyweight,71,0.7204276323318481,0.44791666666666663,0.43661971830985913
min_child_weight=5,min_child_weight,5,weight_class:light_heavyweight,71,0.7163796424865723,0.4631410256410256,0.4507042253521127
min_child_weight=7,min_child_weight,7,weight_class:light_heavyweight,71,0.7159972786903381,0.46875,0.4507042253521127
n_estimators=150,n_estimators,150,weight_class:light_heavyweight,71,0.7151875495910645,0.4591346153846154,0.4788732394366197
n_estimators=500,n_estimators,500,weight_class:light_heavyweight,71,0.7151875495910645,0.4591346153846154,0.4788732394366197
n_estimators=800,n_estimators,800,weight_class:light_heavyweight,71,0.7151875495910645,0.4591346153846154,0.4788732394366197
reg_alpha=0.1,reg_alpha,0.1,weight_class:light_heavyweight,71,0.7152274250984192,0.46073717948717946,0.4788732394366197
reg_alpha=0.5,reg_alpha,0.5,weight_class:light_heavyweight,71,0.7186757922172546,0.45753205128205127,0.4647887323943662
reg_alpha=1.0,reg_alpha,1.0,weight_class:light_heavyweight,71,0.7165791392326355,0.47035256410256415,0.4647887323943662
reg_lambda=10.0,reg_lambda,10.0,weight_class:light_heavyweight,71,0.721383810043335,0.46634615384615385,0.4225352112676056
reg_lambda=2.0,reg_lambda,2.0,weight_class:light_heavyweight,71,0.7216164469718933,0.4479166666666667,0.43661971830985913
reg_lambda=5.0,reg_lambda,5.0,weight_class:light_heavyweight,71,0.7206507325172424,0.4567307692307693,0.4507042253521127
subsample=0.6,subsample,0.6,weight_class:light_heavyweight,71,0.7133114337921143,0.4711538461538462,0.4507042253521127
subsample=0.7,subsample,0.7,weight_class:light_heavyweight,71,0.71064293384552,0.49439102564102566,0.5070422535211268
subsample=0.9,subsample,0.9,weight_class:light_heavyweight,71,0.7185269594192505,0.467948717948718,0.4647887323943662
subsample=1.0,subsample,1.0,weight_class:light_heavyweight,71,0.7189144492149353,0.4567307692307693,0.43661971830985913
baseline,baseline,baseline,weight_class:lightweight,151,0.644652247428894,0.6757508342602893,0.6291390728476821
colsample_bytree=0.6,colsample_bytree,0.6,weight_class:lightweight,151,0.6500998735427856,0.6598071931776047,0.6225165562913907
colsample_bytree=0.7,colsample_bytree,0.7,weight_class:lightweight,151,0.6460183262825012,0.6759362254356692,0.6225165562913907
colsample_bytree=0.9,colsample_bytree,0.9,weight_class:lightweight,151,0.6422099471092224,0.6852057842046718,0.6225165562913907
colsample_bytree=1.0,colsample_bytree,1.0,weight_class:lightweight,151,0.6427199244499207,0.6811271783463108,0.6423841059602649
gamma=0.5,gamma,0.5,weight_class:lightweight,151,0.6447162628173828,0.6753800519095291,0.6291390728476821
gamma=1.0,gamma,1.0,weight_class:lightweight,151,0.6428231000900269,0.6768631813125695,0.6291390728476821
gamma=2.0,gamma,2.0,weight_class:lightweight,151,0.6447752714157104,0.6759362254356692,0.6357615894039735
learning_rate=0.03,learning_rate,0.03,weight_class:lightweight,151,0.6440656185150146,0.6816833518724509,0.6291390728476821
learning_rate=0.07,learning_rate,0.07,weight_class:lightweight,151,0.6463934183120728,0.6690767519466072,0.6026490066225165
learning_rate=0.1,learning_rate,0.1,weight_class:lightweight,151,0.637269139289856,0.6874304783092323,0.6158940397350994
max_depth=3,max_depth,3,weight_class:lightweight,151,0.6483783721923828,0.6701890989988876,0.609271523178808
max_depth=5,max_depth,5,weight_class:lightweight,151,0.6481480598449707,0.6705598813496477,0.609271523178808
max_depth=6,max_depth,6,weight_class:lightweight,151,0.6409633159637451,0.6861327400815721,0.6357615894039735
min_child_weight=1,min_child_weight,1,weight_class:lightweight,151,0.6466696858406067,0.6709306637004078,0.6291390728476821
min_child_weight=5,min_child_weight,5,weight_class:lightweight,151,0.6470951437950134,0.667779013718947,0.6291390728476821
min_child_weight=7,min_child_weight,7,weight_class:lightweight,151,0.6450260877609253,0.6727845754542082,0.6225165562913907
n_estimators=150,n_estimators,150,weight_class:lightweight,151,0.644652247428894,0.6757508342602893,0.6291390728476821
n_estimators=500,n_estimators,500,weight_class:lightweight,151,0.644652247428894,0.6757508342602893,0.6291390728476821
n_estimators=800,n_estimators,800,weight_class:lightweight,151,0.644652247428894,0.6757508342602893,0.6291390728476821
reg_alpha=0.1,reg_alpha,0.1,weight_class:lightweight,151,0.6469436287879944,0.6713014460511679,0.6357615894039735
reg_alpha=0.5,reg_alpha,0.5,weight_class:lightweight,151,0.6461201906204224,0.6700037078235076,0.6291390728476821
reg_alpha=1.0,reg_alpha,1.0,weight_class:lightweight,151,0.6433959603309631,0.6696329254727474,0.6357615894039735
reg_lambda=10.0,reg_lambda,10.0,weight_class:lightweight,151,0.643611490726471,0.6709306637004079,0.6225165562913907
reg_lambda=2.0,reg_lambda,2.0,weight_class:lightweight,151,0.6450232863426208,0.6713014460511679,0.6357615894039735
reg_lambda=5.0,reg_lambda,5.0,weight_class:lightweight,151,0.6472785472869873,0.6683351872450871,0.6291390728476821
subsample=0.6,subsample,0.6,weight_class:lightweight,151,0.6475253105163574,0.6666666666666667,0.6357615894039735
subsample=0.7,subsample,0.7,weight_class:lightweight,151,0.6345205903053284,0.692621431219874,0.6291390728476821
subsample=0.9,subsample,0.9,weight_class:lightweight,151,0.6467196345329285,0.6768631813125696,0.6291390728476821
subsample=1.0,subsample,1.0,weight_class:lightweight,151,0.6435965299606323,0.6863181312569522,0.6291390728476821
baseline,baseline,baseline,weight_class:middleweight,130,0.6610196828842163,0.647184604419102,0.6153846153846154
colsample_bytree=0.6,colsample_bytree,0.6,weight_class:middleweight,130,0.6621271967887878,0.644808743169399,0.6307692307692307
colsample_bytree=0.7,colsample_bytree,0.7,weight_class:middleweight,130,0.6654648780822754,0.6364932287954383,0.6153846153846154
colsample_bytree=0.9,colsample_bytree,0.9,weight_class:middleweight,130,0.661540687084198,0.6476597766690425,0.6076923076923076
colsample_bytree=1.0,colsample_bytree,1.0,weight_class:middleweight,130,0.6626089215278625,0.6400570206699929,0.5923076923076923
gamma=0.5,gamma,0.5,weight_class:middleweight,130,0.6610195636749268,0.647184604419102,0.6153846153846154
gamma=1.0,gamma,1.0,weight_class:middleweight,130,0.6606454253196716,0.6419577096697553,0.6076923076923076
gamma=2.0,gamma,2.0,weight_class:middleweight,130,0.6590030789375305,0.6476597766690425,0.6230769230769231
learning_rate=0.03,learning_rate,0.03,weight_class:middleweight,130,0.662990152835846,0.6372059871703493,0.5692307692307692
learning_rate=0.07,learning_rate,0.07,weight_class:middleweight,130,0.6606554388999939,0.6421952957947256,0.5769230769230769
learning_rate=0.1,learning_rate,0.1,weight_class:middleweight,130,0.6582130789756775,0.6445711570444286,0.6076923076923076
max_depth=3,max_depth,3,weight_class:middleweight,130,0.6624529361724854,0.6398194345450225,0.5923076923076923
max_depth=5,max_depth,5,weight_class:middleweight,130,0.6659142374992371,0.6272273699215966,0.5769230769230769
max_depth=6,max_depth,6,weight_class:middleweight,130,0.6586977243423462,0.6443335709194583,0.6076923076923076
min_child_weight=1,min_child_weight,1,weight_class:middleweight,130,0.6623873114585876,0.6431456402946067,0.6
min_child_weight=5,min_child_weight,5,weight_class:middleweight,130,0.6619277000427246,0.6391066761701115,0.6076923076923076
min_child_weight=7,min_child_weight,7,weight_class:middleweight,130,0.6591987013816833,0.6524114991684484,0.6384615384615384
n_estimators=150,n_estimators,150,weight_class:middleweight,130,0.6610196828842163,0.647184604419102,0.6153846153846154
n_estimators=500,n_estimators,500,weight_class:middleweight,130,0.6610196828842163,0.647184604419102,0.6153846153846154
n_estimators=800,n_estimators,800,weight_class:middleweight,130,0.6610196828842163,0.647184604419102,0.6153846153846154
reg_alpha=0.1,reg_alpha,0.1,weight_class:middleweight,130,0.658280611038208,0.6547873604181517,0.6153846153846154
reg_alpha=0.5,reg_alpha,0.5,weight_class:middleweight,130,0.6637152433395386,0.6364932287954383,0.6230769230769231
reg_alpha=1.0,reg_alpha,1.0,weight_class:middleweight,130,0.6607769131660461,0.6431456402946067,0.6076923076923076
reg_lambda=10.0,reg_lambda,10.0,weight_class:middleweight,130,0.6577996015548706,0.6521739130434783,0.6230769230769231
reg_lambda=2.0,reg_lambda,2.0,weight_class:middleweight,130,0.6622887253761292,0.6374435732953196,0.6076923076923076
reg_lambda=5.0,reg_lambda,5.0,weight_class:middleweight,130,0.6623507142066956,0.6400570206699928,0.6153846153846154
subsample=0.6,subsample,0.6,weight_class:middleweight,130,0.6661791205406189,0.636968401045379,0.5846153846153846
subsample=0.7,subsample,0.7,weight_class:middleweight,130,0.663378119468689,0.6362556426704681,0.5923076923076923
subsample=0.9,subsample,0.9,weight_class:middleweight,130,0.6622296571731567,0.6353052981705869,0.6076923076923076
subsample=1.0,subsample,1.0,weight_class:middleweight,130,0.6624513268470764,0.6369684010453789,0.6076923076923076
baseline,baseline,baseline,weight_class:welterweight,131,0.6423078179359436,0.699623352165725,0.6259541984732825
colsample_bytree=0.6,colsample_bytree,0.6,weight_class:welterweight,131,0.6402597427368164,0.7022128060263653,0.6412213740458015
colsample_bytree=0.7,colsample_bytree,0.7,weight_class:welterweight,131,0.6480294466018677,0.676789077212806,0.6641221374045801
colsample_bytree=0.9,colsample_bytree,0.9,weight_class:welterweight,131,0.6420552730560303,0.6956214689265536,0.648854961832061
colsample_bytree=1.0,colsample_bytree,1.0,weight_class:welterweight,131,0.6438764929771423,0.6925612052730697,0.6335877862595419
gamma=0.5,gamma,0.5,weight_class:welterweight,131,0.6423078775405884,0.699623352165725,0.6259541984732825
gamma=1.0,gamma,1.0,weight_class:welterweight,131,0.6406751871109009,0.6916195856873824,0.6259541984732825
gamma=2.0,gamma,2.0,weight_class:welterweight,131,0.6378349661827087,0.6984463276836158,0.6564885496183206
learning_rate=0.03,learning_rate,0.03,weight_class:welterweight,131,0.6466830968856812,0.681497175141243,0.6106870229007634
learning_rate=0.07,learning_rate,0.07,weight_class:welterweight,131,0.6518319249153137,0.6765536723163842,0.6412213740458015
learning_rate=0.1,learning_rate,0.1,weight_class:welterweight,131,0.6482303738594055,0.6530131826741996,0.648854961832061
max_depth=3,max_depth,3,weight_class:welterweight,131,0.6456761360168457,0.690442561205273,0.6641221374045801
max_depth=5,max_depth,5,weight_class:welterweight,131,0.6447039842605591,0.6807909604519774,0.6412213740458015
max_depth=6,max_depth,6,weight_class:welterweight,131,0.6424012184143066,0.6951506591337101,0.6335877862595419
min_child_weight=1,min_child_weight,1,weight_class:welterweight,131,0.6448686718940735,0.687382297551789,0.6335877862595419
min_child_weight=5,min_child_weight,5,weight_class:welterweight,131,0.6418289542198181,0.6890301318267419,0.6412213740458015
min_child_weight=7,min_child_weight,7,weight_class:welterweight,131,0.6446126103401184,0.6805555555555556,0.6335877862595419
n_estimators=150,n_estimators,150,weight_class:welterweight,131,0.6423078179359436,0.699623352165725,0.6259541984732825
n_estimators=500,n_estimators,500,weight_class:welterweight,131,0.6423078179359436,0.699623352165725,0.6259541984732825
n_estimators=800,n_estimators,800,weight_class:welterweight,131,0.6423078179359436,0.699623352165725,0.6259541984732825
reg_alpha=0.1,reg_alpha,0.1,weight_class:welterweight,131,0.642585039138794,0.6937382297551788,0.648854961832061
reg_alpha=0.5,reg_alpha,0.5,weight_class:welterweight,131,0.641592264175415,0.6831450094161958,0.6412213740458015
reg_alpha=1.0,reg_alpha,1.0,weight_class:welterweight,131,0.6426135897636414,0.6822033898305084,0.6259541984732825
reg_lambda=10.0,reg_lambda,10.0,weight_class:welterweight,131,0.6441927552223206,0.6718455743879473,0.6335877862595419
reg_lambda=2.0,reg_lambda,2.0,weight_class:welterweight,131,0.642095685005188,0.6833804143126178,0.648854961832061
reg_lambda=5.0,reg_lambda,5.0,weight_class:welterweight,131,0.6439592838287354,0.6826741996233523,0.6412213740458015
subsample=0.6,subsample,0.6,weight_class:welterweight,131,0.6471512317657471,0.6786723163841809,0.6335877862595419
subsample=0.7,subsample,0.7,weight_class:welterweight,131,0.6461687088012695,0.6727871939736346,0.6259541984732825
subsample=0.9,subsample,0.9,weight_class:welterweight,131,0.645244300365448,0.6822033898305084,0.6183206106870229
subsample=1.0,subsample,1.0,weight_class:welterweight,131,0.641478419303894,0.6909133709981167,0.6335877862595419
baseline,baseline,baseline,weight_class:women_s_bantamweight,38,0.6778143048286438,0.5983379501385042,0.6052631578947368
colsample_bytree=0.6,colsample_bytree,0.6,weight_class:women_s_bantamweight,38,0.6786803007125854,0.6038781163434903,0.6052631578947368
colsample_bytree=0.7,colsample_bytree,0.7,weight_class:women_s_bantamweight,38,0.6789364218711853,0.6038781163434903,0.631578947368421
colsample_bytree=0.9,colsample_bytree,0.9,weight_class:women_s_bantamweight,38,0.6773532032966614,0.6066481994459834,0.5526315789473685
colsample_bytree=1.0,colsample_bytree,1.0,weight_class:women_s_bantamweight,38,0.6791422367095947,0.6066481994459834,0.5789473684210527
gamma=0.5,gamma,0.5,weight_class:women_s_bantamweight,38,0.6778143048286438,0.5983379501385042,0.6052631578947368
gamma=1.0,gamma,1.0,weight_class:women_s_bantamweight,38,0.6700079441070557,0.6121883656509696,0.6052631578947368
gamma=2.0,gamma,2.0,weight_class:women_s_bantamweight,38,0.6744887232780457,0.6121883656509696,0.5789473684210527
learning_rate=0.03,learning_rate,0.03,weight_class:women_s_bantamweight,38,0.6769173741340637,0.6066481994459835,0.5789473684210527
learning_rate=0.07,learning_rate,0.07,weight_class:women_s_bantamweight,38,0.679300844669342,0.6121883656509695,0.631578947368421
learning_rate=0.1,learning_rate,0.1,weight_class:women_s_bantamweight,38,0.6626884937286377,0.6398891966759003,0.5789473684210527
max_depth=3,max_depth,3,weight_class:women_s_bantamweight,38,0.6779323816299438,0.6121883656509696,0.631578947368421
max_depth=5,max_depth,5,weight_class:women_s_bantamweight,38,0.6740173101425171,0.6121883656509696,0.631578947368421
max_depth=6,max_depth,6,weight_class:women_s_bantamweight,38,0.671553373336792,0.6454293628808865,0.5789473684210527
min_child_weight=1,min_child_weight,1,weight_class:women_s_bantamweight,38,0.6766224503517151,0.6177285318559557,0.6052631578947368
min_child_weight=5,min_child_weight,5,weight_class:women_s_bantamweight,38,0.6709907650947571,0.6177285318559557,0.6578947368421053
min_child_weight=7,min_child_weight,7,weight_class:women_s_bantamweight,38,0.6769012808799744,0.6011080332409973,0.631578947368421
n_estimators=150,n_estimators,150,weight_class:women_s_bantamweight,38,0.6778143048286438,0.5983379501385042,0.6052631578947368
n_estimators=500,n_estimators,500,weight_class:women_s_bantamweight,38,0.6778143048286438,0.5983379501385042,0.6052631578947368
n_estimators=800,n_estimators,800,weight_class:women_s_bantamweight,38,0.6778143048286438,0.5983379501385042,0.6052631578947368
reg_alpha=0.1,reg_alpha,0.1,weight_class:women_s_bantamweight,38,0.6722599864006042,0.6121883656509696,0.5789473684210527
reg_alpha=0.5,reg_alpha,0.5,weight_class:women_s_bantamweight,38,0.6688956618309021,0.6260387811634349,0.6052631578947368
reg_alpha=1.0,reg_alpha,1.0,weight_class:women_s_bantamweight,38,0.6689870953559875,0.6121883656509696,0.631578947368421
reg_lambda=10.0,reg_lambda,10.0,weight_class:women_s_bantamweight,38,0.6757424473762512,0.6094182825484765,0.5789473684210527
reg_lambda=2.0,reg_lambda,2.0,weight_class:women_s_bantamweight,38,0.6800767779350281,0.5955678670360111,0.6052631578947368
reg_lambda=5.0,reg_lambda,5.0,weight_class:women_s_bantamweight,38,0.6742500066757202,0.6066481994459834,0.5789473684210527
subsample=0.6,subsample,0.6,weight_class:women_s_bantamweight,38,0.6747891902923584,0.6149584487534626,0.631578947368421
subsample=0.7,subsample,0.7,weight_class:women_s_bantamweight,38,0.6671153903007507,0.6149584487534625,0.5789473684210527
subsample=0.9,subsample,0.9,weight_class:women_s_bantamweight,38,0.6818015575408936,0.5955678670360112,0.5789473684210527
subsample=1.0,subsample,1.0,weight_class:women_s_bantamweight,38,0.6831786036491394,0.5872576177285318,0.5526315789473685
baseline,baseline,baseline,weight_class:women_s_flyweight,70,0.6668362617492676,0.6209150326797386,0.5428571428571428
colsample_bytree=0.6,colsample_bytree,0.6,weight_class:women_s_flyweight,70,0.6740220785140991,0.6045751633986929,0.5857142857142857
colsample_bytree=0.7,colsample_bytree,0.7,weight_class:women_s_flyweight,70,0.6710531115531921,0.6111111111111112,0.5571428571428572
colsample_bytree=0.9,colsample_bytree,0.9,weight_class:women_s_flyweight,70,0.665032148361206,0.619281045751634,0.5857142857142857
colsample_bytree=1.0,colsample_bytree,1.0,weight_class:women_s_flyweight,70,0.6685597896575928,0.611111111111111,0.5571428571428572
gamma=0.5,gamma,0.5,weight_class:women_s_flyweight,70,0.6668894290924072,0.6209150326797386,0.5428571428571428
gamma=1.0,gamma,1.0,weight_class:women_s_flyweight,70,0.6652231216430664,0.6225490196078431,0.5571428571428572
gamma=2.0,gamma,2.0,weight_class:women_s_flyweight,70,0.6653586626052856,0.6233660130718954,0.5571428571428572
learning_rate=0.03,learning_rate,0.03,weight_class:women_s_flyweight,70,0.6735554933547974,0.6127450980392157,0.5857142857142857
learning_rate=0.07,learning_rate,0.07,weight_class:women_s_flyweight,70,0.6675548553466797,0.625,0.5571428571428572
learning_rate=0.1,learning_rate,0.1,weight_class:women_s_flyweight,70,0.6673961281776428,0.6282679738562091,0.5857142857142857
max_depth=3,max_depth,3,weight_class:women_s_flyweight,70,0.675049364566803,0.5955882352941176,0.5571428571428572
max_depth=5,max_depth,5,weight_class:women_s_flyweight,70,0.67046719789505,0.613562091503268,0.5571428571428572
max_depth=6,max_depth,6,weight_class:women_s_flyweight,70,0.6704087257385254,0.6225490196078431,0.5714285714285714
min_child_weight=1,min_child_weight,1,weight_class:women_s_flyweight,70,0.6703872680664062,0.6160130718954249,0.5714285714285714
min_child_weight=5,min_child_weight,5,weight_class:women_s_flyweight,70,0.6665379405021667,0.6233660130718954,0.5428571428571428
min_child_weight=7,min_child_weight,7,weight_class:women_s_flyweight,70,0.6671130657196045,0.6233660130718954,0.5857142857142857
n_estimators=150,n_estimators,150,weight_class:women_s_flyweight,70,0.6668362617492676,0.6209150326797386,0.5428571428571428
n_estimators=500,n_estimators,500,weight_class:women_s_flyweight,70,0.6668362617492676,0.6209150326797386,0.5428571428571428
n_estimators=800,n_estimators,800,weight_class:women_s_flyweight,70,0.6668362617492676,0.6209150326797386,0.5428571428571428
reg_alpha=0.1,reg_alpha,0.1,weight_class:women_s_flyweight,70,0.663838803768158,0.6323529411764706,0.5571428571428572
reg_alpha=0.5,reg_alpha,0.5,weight_class:women_s_flyweight,70,0.6704575419425964,0.6053921568627451,0.5285714285714286
reg_alpha=1.0,reg_alpha,1.0,weight_class:women_s_flyweight,70,0.674731433391571,0.602124183006536,0.5428571428571428
reg_lambda=10.0,reg_lambda,10.0,weight_class:women_s_flyweight,70,0.6830071806907654,0.5947712418300654,0.5428571428571428
reg_lambda=2.0,reg_lambda,2.0,weight_class:women_s_flyweight,70,0.6716300845146179,0.6176470588235294,0.5857142857142857
reg_lambda=5.0,reg_lambda,5.0,weight_class:women_s_flyweight,70,0.6789471507072449,0.6053921568627451,0.5428571428571428
subsample=0.6,subsample,0.6,weight_class:women_s_flyweight,70,0.6714380383491516,0.6086601307189543,0.5428571428571428
subsample=0.7,subsample,0.7,weight_class:women_s_flyweight,70,0.6784401535987854,0.6070261437908496,0.5571428571428572
subsample=0.9,subsample,0.9,weight_class:women_s_flyweight,70,0.6613302230834961,0.6323529411764706,0.6
subsample=1.0,subsample,1.0,weight_class:women_s_flyweight,70,0.6615357995033264,0.6348039215686274,0.5571428571428572
baseline,baseline,baseline,weight_class:women_s_strawweight,74,0.694166362285614,0.5491071428571428,0.4594594594594595
colsample_bytree=0.6,colsample_bytree,0.6,weight_class:women_s_strawweight,74,0.6894055604934692,0.5543154761904762,0.5
colsample_bytree=0.7,colsample_bytree,0.7,weight_class:women_s_strawweight,74,0.6859171390533447,0.5662202380952381,0.5135135135135135
colsample_bytree=0.9,colsample_bytree,0.9,weight_class:women_s_strawweight,74,0.6906320452690125,0.5572916666666666,0.4864864864864865
colsample_bytree=1.0,colsample_bytree,1.0,weight_class:women_s_strawweight,74,0.6927564740180969,0.550595238095238,0.4594594594594595
gamma=0.5,gamma,0.5,weight_class:women_s_strawweight,74,0.6941662430763245,0.5491071428571428,0.4594594594594595
gamma=1.0,gamma,1.0,weight_class:women_s_strawweight,74,0.6967712640762329,0.5476190476190477,0.47297297297297297
gamma=2.0,gamma,2.0,weight_class:women_s_strawweight,74,0.6992253661155701,0.5446428571428571,0.4864864864864865
learning_rate=0.03,learning_rate,0.03,weight_class:women_s_strawweight,74,0.6883291006088257,0.5572916666666666,0.47297297297297297
learning_rate=0.07,learning_rate,0.07,weight_class:women_s_strawweight,74,0.6888830661773682,0.5595238095238095,0.4594594594594595
learning_rate=0.1,learning_rate,0.1,weight_class:women_s_strawweight,74,0.6981103420257568,0.5520833333333334,0.527027027027027
max_depth=3,max_depth,3,weight_class:women_s_strawweight,74,0.6929395794868469,0.5498511904761905,0.5405405405405406
max_depth=5,max_depth,5,weight_class:women_s_strawweight,74,0.6926127672195435,0.556547619047619,0.5
max_depth=6,max_depth,6,weight_class:women_s_strawweight,74,0.6900873184204102,0.5610119047619047,0.4864864864864865
min_child_weight=1,min_child_weight,1,weight_class:women_s_strawweight,74,0.6935882568359375,0.5446428571428571,0.47297297297297297
min_child_weight=5,min_child_weight,5,weight_class:women_s_strawweight,74,0.6961599588394165,0.5476190476190476,0.4864864864864865
min_child_weight=7,min_child_weight,7,weight_class:women_s_strawweight,74,0.6933892369270325,0.5416666666666666,0.4864864864864865
n_estimators=150,n_estimators,150,weight_class:women_s_strawweight,74,0.694166362285614,0.5491071428571428,0.4594594594594595
n_estimators=500,n_estimators,500,weight_class:women_s_strawweight,74,0.694166362285614,0.5491071428571428,0.4594594594594595
n_estimators=800,n_estimators,800,weight_class:women_s_strawweight,74,0.694166362285614,0.5491071428571428,0.4594594594594595
reg_alpha=0.1,reg_alpha,0.1,weight_class:women_s_strawweight,74,0.695431649684906,0.5461309523809523,0.4864864864864865
reg_alpha=0.5,reg_alpha,0.5,weight_class:women_s_strawweight,74,0.6935403347015381,0.5520833333333334,0.4864864864864865
reg_alpha=1.0,reg_alpha,1.0,weight_class:women_s_strawweight,74,0.695894181728363,0.5513392857142857,0.4594594594594595
reg_lambda=10.0,reg_lambda,10.0,weight_class:women_s_strawweight,74,0.6887008547782898,0.566220238095238,0.5135135135135135
reg_lambda=2.0,reg_lambda,2.0,weight_class:women_s_strawweight,74,0.6973893642425537,0.5394345238095238,0.4594594594594595
reg_lambda=5.0,reg_lambda,5.0,weight_class:women_s_strawweight,74,0.6933956742286682,0.5520833333333334,0.47297297297297297
subsample=0.6,subsample,0.6,weight_class:women_s_strawweight,74,0.6901915073394775,0.5669642857142857,0.527027027027027
subsample=0.7,subsample,0.7,weight_class:women_s_strawweight,74,0.6891148686408997,0.5788690476190477,0.5135135135135135
subsample=0.9,subsample,0.9,weight_class:women_s_strawweight,74,0.6873549818992615,0.5684523809523809,0.5405405405405406
subsample=1.0,subsample,1.0,weight_class:women_s_strawweight,74,0.6927056908607483,0.5572916666666667,0.527027027027027
